{"cameraMode":{"drawMode":0,"name":"Shaded","section":"Shading Mode"},"sceneLighting":true,"audioPlay":false,"sceneViewState":{"showFog":true,"showMaterialUpdate":false,"showSkybox":true,"showFlares":true,"showImageEffects":true,"showParticleSystems":true,"showVisualEffectGraphs":true,"m_FxEnabled":true},"in2DMode":false,"pivot":{"x":-34.244667053222659,"y":-71.76103210449219,"z":-289.3037109375},"rotation":{"x":0.09585250169038773,"y":0.0014930894831195474,"z":-0.00014377835032064468,"w":0.9953944087028503},"size":42.575130462646487,"orthographic":false}