{"cameraMode":{"drawMode":0,"name":"Shaded","section":"Shading Mode"},"sceneLighting":false,"audioPlay":false,"sceneViewState":{"showFog":true,"showMaterialUpdate":false,"showSkybox":false,"showFlares":true,"showImageEffects":true,"showParticleSystems":true,"showVisualEffectGraphs":true,"m_FxEnabled":true},"in2DMode":false,"pivot":{"x":0.7172365188598633,"y":20.999740600585939,"z":3.4593896865844728},"rotation":{"x":-0.14013101160526277,"y":0.29430127143859866,"z":-0.04366985708475113,"w":-0.9443758726119995},"size":24.262069702148439,"orthographic":false}