{"cameraMode":{"drawMode":0,"name":"Shaded","section":"Shading Mode"},"sceneLighting":false,"audioPlay":false,"sceneViewState":{"showFog":true,"showMaterialUpdate":false,"showSkybox":false,"showFlares":true,"showImageEffects":true,"showParticleSystems":true,"showVisualEffectGraphs":true,"m_FxEnabled":true},"in2DMode":false,"pivot":{"x":0.013824462890625,"y":0.0010275840759277344,"z":0.01640939712524414},"rotation":{"x":-0.3414697051048279,"y":0.2817922830581665,"z":-0.10810241103172302,"w":-0.8901159167289734},"size":2.767744779586792,"orthographic":false}